{
  "project_info": {
    "project_number": "192720803542",
    "firebase_url": "https://ffbfapp-d729e.firebaseio.com",
    "project_id": "ffbfapp-d729e",
    "storage_bucket": "ffbfapp-d729e.appspot.com"
  },
  "client": [
    {
      "client_info": {
        "mobilesdk_app_id": "1:192720803542:android:54e79679b4339dd4ed5b77",
        "android_client_info": {
          "package_name": "com.example.ffbfapp"
        }
      },
      "oauth_client": [
        {
          "client_id": "192720803542-2d0dja9mbvuogogmi3f11cmos07qsrba.apps.googleusercontent.com",
          "client_type": 1,
          "android_info": {
            "package_name": "com.example.ffbfapp",
            "certificate_hash": "cb69e4c5dbcd9409a615d85215577f4965a79553"
          }
        },
        {
          "client_id": "192720803542-2hgrkggmibslbji1qmjhrdadtijj0qgl.apps.googleusercontent.com",
          "client_type": 3
        }
      ],
      "api_key": [
        {
          "current_key": "AIzaSyA-2Ar8UA-2OLyvFRtwo3TCx6p6pmL0fqQ"
        }
      ],
      "services": {
        "appinvite_service": {
          "other_platform_oauth_client": [
            {
              "client_id": "192720803542-2hgrkggmibslbji1qmjhrdadtijj0qgl.apps.googleusercontent.com",
              "client_type": 3
            }
          ]
        }
      }
    }
  ],
  "configuration_version": "1"
}